{
  "uuid": "2894bcaa-6906-30dd-9a35-176918d6f00c",
  "starterPrompted": true,
  "starterLocked": false,
  "starterSelected": true,
  "starterUUID": "231783e0-71ab-4247-b91c-aa53f12ba942",
  "keyItems": [],
  "battleTheme": "cobblemon:battle.pvp.default",
  "extraData": {},
  "advancementData": {
    "totalCaptureCount": 2,
    "totalEggsHatched": 0,
    "totalEvolvedCount": 0,
    "totalBattleVictoryCount": 7,
    "totalPvPBattleVictoryCount": 0,
    "totalPvWBattleVictoryCount": 7,
    "totalPvNBattleVictoryCount": 0,
    "totalShinyCaptureCount": 0,
    "totalTradedCount": 0,
    "totalTypeCaptureCounts": {
      "grass": 1,
      "poison": 1,
      "fighting": 1
    },
    "totalDefeatedCounts": {},
    "aspectsCollected": {}
  }
}