{"stats":{"minecraft:broken":{"minecraft:wooden_axe":1,"minecraft:wooden_pickaxe":1},"minecraft:mined":{"minecraft:large_amethyst_bud":1,"minecraft:amethyst_cluster":1,"cobblemon:apricorn_log":5,"cobblemon:gilded_chest":1,"cobblemon:apricorn_leaves":1,"minecraft:spruce_trapdoor":2,"minecraft:lever":2,"minecraft:calcite":19,"minecraft:melon":3,"minecraft:polished_diorite_slab":3,"minecraft:polished_diorite":2,"minecraft:diorite":5,"cobblemon:relic_coin_pouch":1,"minecraft:grass":5,"minecraft:bookshelf":4,"minecraft:coal_ore":2,"minecraft:sand":1,"minecraft:stone":11,"minecraft:fern":1},"minecraft:killed":{"minecraft:husk":2,"cobblemon:pokemon":2,"minecraft:creeper":1,"minecraft:cow":1},"minecraft:custom":{"minecraft:mob_kills":8,"minecraft:interact_with_crafting_table":3,"minecraft:leave_game":2,"minecraft:time_since_death":308,"minecraft:sleep_in_bed":2,"minecraft:climb_one_cm":6258,"minecraft:time_since_rest":332,"minecraft:waystone_activated":1,"minecraft:damage_absorbed":40,"minecraft:sprint_one_cm":152325,"minecraft:damage_taken":1304,"minecraft:walk_one_cm":130342,"minecraft:trigger_trapped_chest":1,"minecraft:drop":7,"minecraft:damage_dealt":1577,"minecraft:swim_one_cm":7234,"minecraft:fly_one_cm":179059,"minecraft:open_chest":6,"minecraft:crouch_one_cm":725,"minecraft:play_time":48758,"minecraft:deaths":2,"minecraft:sneak_time":279,"minecraft:walk_under_water_one_cm":467,"minecraft:interact_with_lectern":4,"minecraft:jump":876,"minecraft:open_loot_ball":22,"minecraft:walk_on_water_one_cm":1259,"minecraft:total_world_time":48758,"minecraft:fall_one_cm":20536},"minecraft:crafted":{"minecraft:crafting_table":2,"minecraft:wooden_pickaxe":1,"cobblemon:apricorn_planks":20,"minecraft:stick":4,"minecraft:wooden_axe":1,"minecraft:orange_bed":1},"minecraft:killed_by":{"minecraft:spider":1},"minecraft:dropped":{"minecraft:polished_diorite":2,"minecraft:glass_bottle":3,"patchouli:guide_book":2,"minecraft:amethyst_shard":2,"minecraft:sand":1,"minecraft:bone":1},"minecraft:picked_up":{"minecraft:polished_diorite_slab":3,"minecraft:ladder":1,"cobblemon:yellow_apricorn":6,"minecraft:leather":1,"cobblemon:pinap_berry":42,"cobblemon:occa_berry":5,"cobblemon:gilded_chest":1,"cobblemon:white_apricorn":2,"minecraft:bone":1,"cobblemon:green_apricorn":1,"minecraft:rabbit_hide":1,"minecraft:beef":1,"cobblemon:oran_berry":9,"cobblemon:relic_coin":8,"minecraft:calcite":19,"minecraft:glass_bottle":3,"minecraft:rabbit":1,"minecraft:melon_slice":18,"minecraft:spruce_trapdoor":2,"minecraft:egg":3,"minecraft:book":12,"minecraft:stick":1,"cobblemon:apricorn_log":5,"cobblemon:pc":1,"minecraft:cooked_porkchop":2,"minecraft:sand":1,"cobblemon:rawst_berry":6,"minecraft:amethyst_shard":4,"minecraft:diorite":5,"cobblemon:healing_machine":1,"minecraft:rotten_flesh":3,"minecraft:polished_diorite":2,"minecraft:lever":2,"minecraft:bread":1,"minecraft:coal":2,"cobblemon:blue_apricorn":3,"minecraft:cobblestone":11},"minecraft:used":{"minecraft:ladder":1,"minecraft:polished_diorite_slab":3,"minecraft:wooden_pickaxe":53,"minecraft:orange_bed":1,"minecraft:golden_apple":1,"cobblemon:gilded_chest":1,"minecraft:crafting_table":2,"cobblemon:healing_machine":1,"minecraft:wooden_axe":37,"minecraft:lever":2,"minecraft:bread":1,"minecraft:melon_slice":18,"minecraft:spruce_trapdoor":2,"cobblemon:pc":1,"minecraft:golden_carrot":6,"minecraft:beef":1,"minecraft:cooked_porkchop":2,"minecraft:egg":3,"minecraft:experience_bottle":1}},"DataVersion":3465}