{"stats":{"minecraft:crafted":{"minecraft:jungle_door":3,"minecraft:crafting_table":1,"minecraft:stick":16,"minecraft:jungle_planks":48,"minecraft:wooden_axe":1},"minecraft:mined":{"minecraft:grass":1,"minecraft:seagrass":1,"minecraft:vine":3,"minecraft:jungle_log":13,"minecraft:jungle_door":6,"minecraft:jungle_leaves":1},"minecraft:picked_up":{"minecraft:jungle_door":6,"minecraft:jungle_log":13,"minecraft:egg":1},"minecraft:custom":{"minecraft:time_since_rest":2879,"minecraft:deaths":3,"minecraft:crouch_one_cm":28,"minecraft:play_time":17991,"minecraft:sprint_one_cm":38000,"minecraft:damage_taken":942,"minecraft:walk_one_cm":9752,"minecraft:sneak_time":68,"minecraft:walk_under_water_one_cm":4684,"minecraft:jump":208,"minecraft:open_loot_ball":5,"minecraft:damage_dealt":172,"minecraft:leave_game":1,"minecraft:time_since_death":2850,"minecraft:walk_on_water_one_cm":10734,"minecraft:total_world_time":17991,"minecraft:climb_one_cm":1011,"minecraft:swim_one_cm":78315,"minecraft:interact_with_crafting_table":1,"minecraft:fall_one_cm":4738,"minecraft:fly_one_cm":50080},"minecraft:killed_by":{"minecraft:skeleton":1,"cobblemon:pokemon":1,"minecraft:zombie":1},"minecraft:used":{"minecraft:wooden_axe":11,"minecraft:crafting_table":1,"minecraft:jungle_door":7,"minecraft:jungle_log":1,"minecraft:egg":1}},"DataVersion":3465}