{"stats":{"minecraft:used":{"minecraft:torch":1,"minecraft:dirt":1,"minecraft:apple":1,"minecraft:cobblestone":11,"minecraft:oak_slab":2,"chancecubes:chance_cube":2,"minecraft:spruce_planks":4,"minecraft:gravel":1},"minecraft:mined":{"minecraft:grass_block":1,"minecraft:gravel":1,"minecraft:dark_oak_leaves":3,"minecraft:fire":1,"minecraft:oak_leaves":14},"minecraft:picked_up":{"minecraft:apple":1,"minecraft:gravel":1,"minecraft:spruce_planks":1,"minecraft:stripped_spruce_log":1,"minecraft:oak_sapling":1,"minecraft:dirt":1,"minecraft:cobblestone":5},"minecraft:crafted":{"minecraft:spruce_planks":4},"minecraft:custom":{"minecraft:time_since_rest":6436,"minecraft:open_chest":12,"minecraft:crouch_one_cm":4107,"minecraft:play_time":25732,"minecraft:interact_with_furnace":3,"minecraft:sprint_one_cm":34445,"minecraft:walk_one_cm":55384,"minecraft:damage_taken":576,"minecraft:deaths":2,"minecraft:sneak_time":2244,"minecraft:walk_under_water_one_cm":24444,"minecraft:drop":11,"minecraft:jump":191,"minecraft:damage_dealt":25,"minecraft:leave_game":1,"minecraft:time_since_death":6404,"minecraft:walk_on_water_one_cm":5211,"minecraft:total_world_time":25732,"minecraft:climb_one_cm":693,"minecraft:swim_one_cm":4818,"minecraft:interact_with_crafting_table":2,"minecraft:fall_one_cm":2609,"minecraft:fly_one_cm":35080,"minecraft:opened_chance_cube":3},"minecraft:dropped":{"minecraft:dead_bush":602}},"DataVersion":3465}