{"stats":{"minecraft:mined":{"cobblemon:healing_machine":3,"minecraft:acacia_leaves":2,"minecraft:spruce_planks":1,"minecraft:amethyst_cluster":1,"cobblemon:pc":2,"minecraft:torch":2,"minecraft:ladder":2,"minecraft:acacia_log":5,"minecraft:blast_furnace":1,"minecraft:decorated_pot":1,"minecraft:melon":4,"minecraft:jungle_planks":1,"minecraft:jungle_log":1,"minecraft:dead_bush":6,"minecraft:tall_grass":2,"minecraft:sugar_cane":5,"cobblemon:relic_coin_pouch":2,"minecraft:wall_torch":1,"minecraft:hay_block":45,"minecraft:tall_seagrass":1,"minecraft:stripped_spruce_log":3,"minecraft:copper_block":2,"minecraft:grass":12,"minecraft:coal_ore":23,"minecraft:cut_copper":3,"minecraft:oak_leaves":4,"minecraft:green_bed":1},"minecraft:killed":{"minecraft:husk":1,"minecraft:zombie":1},"minecraft:custom":{"minecraft:mob_kills":3,"minecraft:interact_with_crafting_table":4,"minecraft:leave_game":2,"minecraft:time_since_death":24040,"minecraft:sleep_in_bed":1,"minecraft:climb_one_cm":4227,"minecraft:time_since_rest":23299,"minecraft:waystone_activated":1,"minecraft:sprint_one_cm":160212,"minecraft:damage_taken":1729,"minecraft:walk_one_cm":135163,"minecraft:trigger_trapped_chest":1,"minecraft:drop":12,"minecraft:damage_dealt":465,"minecraft:swim_one_cm":14580,"minecraft:fly_one_cm":282013,"minecraft:talked_to_villager":2,"minecraft:open_chest":7,"minecraft:crouch_one_cm":1872,"minecraft:play_time":64467,"minecraft:deaths":4,"minecraft:sneak_time":854,"minecraft:walk_under_water_one_cm":8747,"minecraft:jump":1228,"minecraft:open_loot_ball":17,"minecraft:interact_with_blast_furnace":1,"minecraft:walk_on_water_one_cm":11221,"minecraft:total_world_time":64467,"minecraft:interact_with_smoker":1,"minecraft:fall_one_cm":36695},"minecraft:crafted":{"minecraft:crafting_table":3,"minecraft:spruce_planks":12,"minecraft:bread":88,"minecraft:jungle_planks":4,"minecraft:stick":8,"minecraft:iron_pickaxe":1,"minecraft:wooden_axe":1,"minecraft:acacia_planks":4,"minecraft:wheat":243},"minecraft:killed_by":{"minecraft:skeleton":1,"minecraft:creeper":1,"minecraft:zombie":1,"minecraft:pillager":1},"minecraft:dropped":{"minecraft:polished_diorite":2,"minecraft:moss_block":3,"minecraft:wheat_seeds":1,"minecraft:blue_wool":1,"minecraft:chicken":1,"cobblemon:healing_machine":5,"minecraft:wooden_axe":1,"cobblemon:pc":1,"minecraft:ladder":1},"minecraft:picked_up":{"minecraft:wooden_axe":1,"minecraft:ladder":5,"minecraft:feather":1,"minecraft:chicken":1,"cobblemon:ultra_ball":1,"minecraft:jungle_log":2,"minecraft:copper_block":4,"minecraft:potato":9,"cobblemon:roseate_ball":1,"minecraft:wheat_seeds":15,"minecraft:gold_nugget":1,"cobblemon:green_apricorn":4,"minecraft:spruce_planks":7,"cobblemon:oran_berry":19,"cobblemon:relic_coin":6,"minecraft:iron_pickaxe":1,"cobblemon:leftovers":1,"minecraft:moss_block":3,"minecraft:melon_slice":18,"minecraft:sugar_cane":4,"minecraft:blue_wool":1,"minecraft:stick":6,"cobblemon:pc":2,"minecraft:green_bed":2,"minecraft:torch":3,"minecraft:acacia_log":5,"cobblemon:choice_band":1,"minecraft:jungle_planks":1,"minecraft:amethyst_shard":6,"minecraft:stripped_spruce_log":3,"minecraft:blast_furnace":1,"cobblemon:healing_machine":7,"minecraft:arrow":6,"minecraft:rotten_flesh":5,"minecraft:decorated_pot":1,"minecraft:polished_diorite":2,"minecraft:cut_copper":3,"minecraft:hay_block":45,"minecraft:spruce_sign":1,"minecraft:emerald":36,"minecraft:rooted_dirt":3,"minecraft:coal":23},"minecraft:used":{"minecraft:ladder":3,"minecraft:spruce_planks":1,"minecraft:green_bed":1,"minecraft:rotten_flesh":1,"minecraft:torch":2,"minecraft:crafting_table":2,"minecraft:jungle_planks":1,"minecraft:carrot":1,"minecraft:crossbow":4,"cobblemon:healing_machine":1,"minecraft:wooden_axe":24,"minecraft:bread":12,"minecraft:melon_slice":11,"minecraft:iron_pickaxe":35}},"DataVersion":3465}