{"stats":{"minecraft:used":{"minecraft:water_bucket":2,"minecraft:lava_bucket":1,"chancecubes:chance_cube":2,"minecraft:spruce_slab":42,"minecraft:stone_pickaxe":54,"minecraft:spruce_planks":5,"minecraft:wooden_pickaxe":29,"minecraft:gravel":2,"minecraft:cobblestone_slab":78,"minecraft:sugar_cane":1,"minecraft:stone_bricks":1,"minecraft:stone_axe":66,"minecraft:cobblestone":5,"minecraft:dirt":23,"minecraft:oak_slab":9,"minecraft:crafting_table":1,"minecraft:furnace":2,"minecraft:oak_sapling":4,"minecraft:bucket":2,"minecraft:ice":1},"minecraft:mined":{"minecraft:podzol":1,"minecraft:spruce_planks":33,"minecraft:furnace":2,"minecraft:dark_oak_leaves":3,"minecraft:ice":1,"minecraft:stripped_spruce_log":7,"minecraft:oak_wood":2,"minecraft:grass_block":30,"minecraft:oak_log":37,"minecraft:vine":1,"minecraft:rail":1,"minecraft:gravel":3,"minecraft:dirt":21,"minecraft:glass":2,"minecraft:cobblestone":78,"minecraft:stone_bricks":1,"minecraft:oak_leaves":41},"minecraft:picked_up":{"minecraft:dark_oak_sapling":1,"minecraft:oak_slab":19,"minecraft:stick":8,"minecraft:torch":14,"minecraft:gravel":3,"pixelmon:poke_ball":1,"minecraft:oak_log":34,"minecraft:stripped_spruce_log":11,"minecraft:dirt":48,"minecraft:lantern":1,"minecraft:oak_wood":2,"minecraft:stone_bricks":1,"minecraft:spruce_planks":26,"minecraft:spruce_button":6,"minecraft:oak_sapling":4,"minecraft:furnace":2,"minecraft:rail":3,"minecraft:cobblestone":57},"minecraft:crafted":{"minecraft:oak_slab":30,"minecraft:oak_planks":44,"minecraft:cobblestone_slab":78,"minecraft:crafting_table":1,"minecraft:spruce_slab":42,"minecraft:stick":8,"minecraft:wooden_pickaxe":2,"minecraft:stone_pickaxe":1,"minecraft:stone_axe":1},"minecraft:custom":{"minecraft:time_since_rest":1212,"minecraft:interact_with_furnace":4,"minecraft:sprint_one_cm":22435,"minecraft:damage_taken":965,"minecraft:walk_one_cm":52589,"minecraft:drop":39,"minecraft:damage_dealt":158,"minecraft:interact_with_crafting_table":9,"minecraft:fly_one_cm":49945,"minecraft:open_chest":8,"minecraft:crouch_one_cm":21381,"minecraft:play_time":35758,"minecraft:deaths":3,"minecraft:sneak_time":4878,"minecraft:walk_under_water_one_cm":8405,"minecraft:jump":283,"minecraft:leave_game":4,"minecraft:time_since_death":70,"minecraft:walk_on_water_one_cm":1547,"minecraft:total_world_time":36734,"minecraft:climb_one_cm":793,"minecraft:fall_one_cm":2812,"minecraft:opened_chance_cube":1},"minecraft:dropped":{"minecraft:stripped_spruce_log":5,"minecraft:oak_slab":19,"minecraft:dead_bush":1728,"minecraft:spruce_button":6,"pixelmon:moon_stone":1,"minecraft:wooden_pickaxe":2,"pixelmon:poke_ball":1}},"DataVersion":3465}