{"stats":{"minecraft:mined":{"minecraft:podzol":1,"minecraft:oak_slab":1,"minecraft:spruce_planks":38,"minecraft:oak_sapling":13,"minecraft:red_wool":1,"minecraft:mossy_cobblestone":2,"minecraft:dark_oak_leaves":3,"minecraft:crafting_table":1,"minecraft:torch":10,"minecraft:oak_wood":2,"minecraft:grass_block":40,"minecraft:glass":2,"minecraft:cobblestone":260,"minecraft:oak_planks":1,"minecraft:wall_torch":4,"minecraft:powered_rail":4,"minecraft:furnace":3,"minecraft:snow":101,"minecraft:ice":1,"minecraft:stripped_spruce_log":10,"minecraft:oak_log":85,"minecraft:cobblestone_slab":1,"minecraft:vine":4,"minecraft:rail":27,"minecraft:gravel":3,"minecraft:dirt":41,"minecraft:cobweb":29,"minecraft:stone_bricks":1,"minecraft:oak_leaves":170},"minecraft:dropped":{"minecraft:gravel":2,"minecraft:stripped_spruce_log":5,"minecraft:oak_slab":19,"minecraft:mossy_cobblestone":1,"minecraft:wheat":1,"minecraft:feather":1,"minecraft:cobblestone":2,"minecraft:clay_ball":1,"minecraft:lantern":1,"minecraft:red_wool":1,"pixelmon:moon_stone":1,"minecraft:spruce_button":6,"minecraft:oak_sign":1,"minecraft:coal":2,"minecraft:music_disc_13":1,"minecraft:torch":64,"minecraft:cake":1,"minecraft:snowball":2,"minecraft:dead_bush":1728,"minecraft:spider_eye":1,"minecraft:wooden_pickaxe":3,"minecraft:paper":2,"pixelmon:poke_ball":1,"minecraft:sugar_cane":1,"minecraft:gold_ingot":1,"minecraft:redstone":3,"minecraft:iron_sword":1},"minecraft:picked_up":{"minecraft:cooked_beef":1,"minecraft:feather":1,"minecraft:wheat":1,"minecraft:crafting_table":1,"minecraft:clay_ball":2,"minecraft:leather":1,"minecraft:diamond_sword":1,"pixelmon:poke_ball":1,"minecraft:oak_log":80,"minecraft:paper":2,"minecraft:string":29,"minecraft:dirt":75,"minecraft:lantern":1,"minecraft:oak_sign":1,"minecraft:apple":4,"minecraft:stone_bricks":1,"minecraft:tnt_minecart":4,"minecraft:spruce_planks":29,"minecraft:powered_rail":4,"minecraft:sugar_cane":1,"minecraft:iron_sword":2,"minecraft:oak_planks":1,"minecraft:furnace":3,"minecraft:dark_oak_sapling":1,"minecraft:oak_slab":20,"minecraft:stick":21,"minecraft:music_disc_13":1,"minecraft:quartz":1,"minecraft:red_wool":1,"minecraft:torch":26,"minecraft:gravel":4,"minecraft:fire_charge":1,"minecraft:cake":1,"minecraft:spruce_sapling":14,"minecraft:stripped_spruce_log":14,"minecraft:cookie":8,"minecraft:redstone":3,"minecraft:spider_eye":1,"minecraft:mossy_cobblestone":2,"minecraft:oak_wood":2,"minecraft:diamond":2,"minecraft:gold_ingot":1,"minecraft:emerald":1,"minecraft:spruce_button":6,"minecraft:bread":1,"minecraft:oak_sapling":31,"minecraft:blaze_rod":1,"minecraft:ender_pearl":1,"minecraft:snowball":103,"minecraft:rail":30,"minecraft:cobblestone":191},"minecraft:crafted":{"minecraft:oak_slab":396,"minecraft:oak_planks":264,"minecraft:cobblestone_slab":282,"minecraft:crafting_table":2,"minecraft:spruce_planks":24,"minecraft:wooden_pickaxe":4,"minecraft:stone_axe":1,"minecraft:air":0,"minecraft:white_wool":7,"minecraft:spruce_slab":90,"minecraft:stick":8,"minecraft:iron_ingot":1,"minecraft:stone_pickaxe":2,"minecraft:stone_sword":1,"minecraft:snow_block":25,"minecraft:iron_shovel":1,"minecraft:white_bed":1,"pixelmon:silver_ingot":4},"minecraft:used":{"minecraft:emerald_ore":1,"pixelmon:bauxite_ore":2,"minecraft:water_bucket":13,"minecraft:stone_sword":29,"minecraft:iron_shovel":101,"minecraft:snow_block":25,"minecraft:redstone_ore":1,"minecraft:spruce_slab":90,"minecraft:stone_pickaxe":262,"minecraft:oak_planks":3,"minecraft:spruce_planks":8,"minecraft:wooden_pickaxe":37,"minecraft:cobblestone_slab":282,"minecraft:sugar_cane":1,"minecraft:cookie":8,"minecraft:torch":14,"minecraft:mossy_cobblestone":1,"minecraft:dirt":38,"minecraft:oak_slab":365,"minecraft:crafting_table":3,"minecraft:white_bed":1,"minecraft:stripped_spruce_log":3,"minecraft:oak_log":10,"minecraft:apple":2,"minecraft:lava_bucket":1,"chancecubes:chance_cube":12,"minecraft:lapis_ore":4,"minecraft:tnt_minecart":1,"minecraft:spruce_sapling":3,"minecraft:gravel":2,"minecraft:stone_bricks":1,"minecraft:stone_axe":130,"minecraft:cobblestone":31,"minecraft:oak_sapling":31,"minecraft:furnace":3,"minecraft:bucket":14,"minecraft:ice":1,"minecraft:cooked_beef":1,"minecraft:dark_oak_sapling":1},"minecraft:custom":{"minecraft:interact_with_furnace":45,"minecraft:interact_with_crafting_table":58,"minecraft:open_barrel":1,"minecraft:leave_game":13,"minecraft:time_since_death":10860,"minecraft:sleep_in_bed":1,"minecraft:climb_one_cm":3075,"minecraft:opened_chance_cube":11,"minecraft:time_since_rest":8769,"minecraft:sprint_one_cm":197014,"minecraft:damage_taken":2400,"minecraft:walk_one_cm":330575,"minecraft:drop":62,"minecraft:damage_dealt":158,"minecraft:swim_one_cm":470,"minecraft:fly_one_cm":515845,"minecraft:open_chest":22,"minecraft:crouch_one_cm":113005,"minecraft:play_time":138114,"minecraft:deaths":9,"minecraft:sneak_time":21985,"minecraft:walk_under_water_one_cm":48247,"minecraft:jump":1903,"minecraft:walk_on_water_one_cm":7824,"minecraft:total_world_time":139090,"minecraft:fall_one_cm":11929},"minecraft:broken":{"minecraft:stone_pickaxe":2}},"DataVersion":3465}