{"stats":{"minecraft:mined":{"minecraft:oak_log":5,"minecraft:cobblestone_slab":1,"minecraft:dirt":3,"minecraft:cobblestone":2,"minecraft:oak_leaves":39},"minecraft:picked_up":{"minecraft:wooden_pickaxe":1,"minecraft:cobblestone_slab":2,"minecraft:oak_log":5,"minecraft:oak_sapling":4,"minecraft:sugar_cane":1,"minecraft:dirt":3,"minecraft:cobblestone":3},"minecraft:crafted":{"minecraft:oak_planks":20,"minecraft:stick":4,"minecraft:stone_pickaxe":1},"minecraft:used":{"minecraft:dirt":3,"minecraft:oak_sapling":4,"minecraft:oak_planks":2,"minecraft:wooden_pickaxe":3,"minecraft:cobblestone_slab":2},"minecraft:custom":{"minecraft:open_chest":4,"minecraft:time_since_rest":1887,"minecraft:damage_taken":260,"minecraft:crouch_one_cm":11727,"minecraft:play_time":13962,"minecraft:interact_with_furnace":4,"minecraft:sprint_one_cm":19668,"minecraft:walk_one_cm":15192,"minecraft:deaths":1,"minecraft:sneak_time":2649,"minecraft:walk_under_water_one_cm":832,"minecraft:jump":257,"minecraft:damage_dealt":35,"minecraft:leave_game":5,"minecraft:time_since_death":1776,"minecraft:walk_on_water_one_cm":525,"minecraft:total_world_time":13962,"minecraft:interact_with_crafting_table":2,"minecraft:fall_one_cm":2353,"minecraft:fly_one_cm":69977}},"DataVersion":3465}